{
  "folder_states": {
    ".": "checked",
    "_ArchiveBotMS.py": "checked",
    "_AuthMS.py": "checked",
    "_CartridgeServiceMS.py": "checked",
    "_ChalkBoardMS.py": "checked",
    "_ChunkingRouterMS.py": "checked",
    "_CodeChunkerMS.py": "checked",
    "_CodeFormatterMS.py": "checked",
    "_CodeGrapherMS.py": "checked",
    "_CodeJanitorMS.py": "checked",
    "_CognitiveMemoryMS.py": "checked",
    "_ContentExtractorMS.py": "checked",
    "_ContextAggregatorMS.py": "checked",
    "_ContextPackerMS.py": "checked",
    "_DiffEngineMS.py": "checked",
    "_EnvironmentManagerMS.py": "checked",
    "_ExplorerWidgetMS.py": "checked",
    "_FingerprintScannerMS.py": "checked",
    "_GitPilotMS.py": "checked",
    "_HeuristicSumMS.py": "checked",
    "_IngestEngineMS.py": "checked",
    "_IntakeServiceMS.py": "checked",
    "_IsoProcessMS.py": "checked",
    "_LexicalSearchMS.py": "checked",
    "_LibrarianMS.py": "checked",
    "_LibrarianServiceMS.py": "checked",
    "_LogViewMS.py": "checked",
    "_MonacoHostMS.py": "checked",
    "_NetworkLayoutMS.py": "checked",
    "_NeuralGraphEngineMS.py": "checked",
    "_NeuralGraphViewerMS.py": "checked",
    "_NeuralServiceMS.py": "checked",
    "_ProjectForgeMS.py": "checked",
    "_PromptOptimizerMS.py": "checked",
    "_PromptVaultMS.py": "checked",
    "_PythonChunkerMS.py": "checked",
    "_RefineryServiceMS.py": "checked",
    "_RegexWeaverMS.py": "checked",
    "_RoleManagerMS.py": "checked",
    "_SandboxManagerMS.py": "checked",
    "_ScannerMS.py": "checked",
    "_ScoutMS.py": "checked",
    "_SearchEngineMS.py": "checked",
    "_SemanticChunkerMS.py": "checked",
    "_ServiceRegistryMS.py": "checked",
    "_SpinnerThingyMaBobberMS.py": "checked",
    "_SysInspectorMS.py": "checked",
    "_TasklistVaultMS.py": "checked",
    "_TelemetryServiceMS.py": "checked",
    "_TextChunkerMS.py": "checked",
    "_ThoughtStreamMS.py": "checked",
    "_TkinterAppShellMS.py": "checked",
    "_TkinterBootstrap.py": "checked",
    "_TkinterSmartExplorerMS.py": "checked",
    "_TkinterThemeManagerMS.py": "checked",
    "_TkinterUniButtonMS.py": "checked",
    "_TreeMapperMS.py": "checked",
    "_VectorFactoryMS.py": "checked",
    "_WebScraperMS.py": "checked",
    "base_service.py": "checked",
    "boiler_plate.py": "checked",
    "document_utils.py": "checked",
    "microservice_std_lib.py": "checked"
  },
  "dynamic_exclusions": []
}